source,source_type,date_observed,theme,sentiment,sample_quote,signal_strength,relevance_to_boldr
r/Watches,reddit,2026-04-12,bpa_free_straps,positive,"Honestly more brands need to call out BPA-free FKM. I got a rash from a no-name silicone strap last year and now I check every spec sheet.",high,"Direct - validates BPA-free as marketing angle. Boldr is one of few micro-brands that explicitly markets this."
WatchUSeek,forum,2026-03-28,titanium_grade_5_vs_2,neutral,"Grade 5 vs Grade 2 titanium debate again. Most people can't tell the difference in daily wear but Grade 5 holds finish better over years.",high,"Validates Boldr's positioning of Expedition (Grade 5) vs Journey (Grade 2) as a real differentiator collectors care about."
r/Watches,reddit,2026-02-19,nickel_allergy_straps,negative,"Why is it so hard to find a watch where every strap option is nickel-free? Even brands that say hypoallergenic still use buckles with nickel.",high,"Strong gap in market. Boldr's nickel-free FKM and titanium buckles are a real differentiator but not surfaced on product pages."
WatchUSeek,forum,2026-04-02,vegan_strap_options,positive,"Looking for vegan straps that aren't just rebranded plastic. Most brands don't even acknowledge this is a question.",medium,"Emerging segment. Boldr has FKM + nylon NATO that qualify but doesn't market as vegan."
r/Watches,reddit,2026-03-15,sustainability_carbon,neutral,"Watch industry sustainability is mostly greenwashing. Real signals are: take-back programmes, carbon offset shipping, recycled packaging.",medium,"Niche but vocal segment. Boldr could differentiate with concrete sustainability commitments rather than vague claims."
WatchUSeek,forum,2026-01-22,engraving_options,positive,"Engraving turnaround time is the make-or-break for gift purchases. Some brands take 4 weeks which kills the gift use case.",high,"Boldr's 2-3 day standard + same-day rush is very competitive. Should be louder about this in gifting season."
r/Watches,reddit,2026-04-25,corporate_bulk_orders,neutral,"Trying to find a watch brand that does corporate gifting under 1k SGD per unit. Most are either premium luxury or generic Chinese brands.",medium,"Gap in market for premium-but-accessible micro-brands. Boldr's Journey at SGD 395 hits the sweet spot."
r/Watches,reddit,2026-03-08,water_resistance_real_world,negative,"100m water resistance ratings are misleading. ISO 22810 means it survives static pressure not actual swimming. Brands need to be clearer.",high,"Boldr correctly states 'safe for swimming, not diving' for Expedition - more honest than competitors. Worth amplifying."
WatchUSeek,forum,2026-02-09,strap_quick_release,positive,"Quick-release spring bars should be standard in 2026. Still surprised when brands don't include them.",high,"Boldr already has this. Easy win to highlight in product copy and ads."
Trustpilot,review,2026-04-18,after_sales_service,positive,"Sent my Boldr in for service - clear pricing, reasonable turnaround. Better than my experience with bigger brands.",medium,"Direct positive signal. Service is a strength to lean into."
Trustpilot,review,2026-03-30,shipping_customs,negative,"Got hit with unexpected customs duties on import. Not the brand's fault but the warning at checkout was easy to miss.",high,"Friction point. Make customs language unmissable at checkout."
Trustpilot,review,2026-04-05,limited_edition_availability,negative,"Tried to buy the Ember edition - sold out within hours and waitlist hasn't moved in months.",medium,"Demand validation but customer experience risk. Set waitlist expectations clearly."
